Datetime,Water Level (m)
2025-03-11 18:00:00,-0.09135935
2025-03-11 19:00:00,-0.040657002
2025-03-11 20:00:00,0.009481001
2025-03-11 21:00:00,0.047864262
2025-03-11 22:00:00,0.052029073
2025-03-11 23:00:00,0.020467155
2025-03-12 00:00:00,-0.017612645
2025-03-12 01:00:00,-0.05683232
2025-03-12 02:00:00,-0.10049458
2025-03-12 03:00:00,-0.14367211
2025-03-12 04:00:00,-0.18185315
2025-03-12 05:00:00,-0.18513152
2025-03-12 06:00:00,-0.14470194
2025-03-12 07:00:00,-0.097607054
2025-03-12 08:00:00,-0.049357634
2025-03-12 09:00:00,-0.013701439
2025-03-12 10:00:00,-0.0075636734
2025-03-12 11:00:00,-0.03776776
2025-03-12 12:00:00,-0.0736966
2025-03-12 13:00:00,-0.10992341
2025-03-12 14:00:00,-0.1473421
2025-03-12 15:00:00,-0.18588044
2025-03-12 16:00:00,-0.21436381
2025-03-12 17:00:00,-0.1987998
2025-03-12 18:00:00,-0.14777002
2025-03-12 19:00:00,-0.08650626
2025-03-12 20:00:00,0.0019783473
2025-03-12 21:00:00,0.054116495
2025-03-12 22:00:00,0.075932145
2025-03-12 23:00:00,0.06073347
2025-03-13 00:00:00,0.022428446
2025-03-13 01:00:00,-0.017010367
2025-03-13 02:00:00,-0.05821096
2025-03-13 03:00:00,-0.10365967
2025-03-13 04:00:00,-0.14564033
2025-03-13 05:00:00,-0.16703238
2025-03-13 06:00:00,-0.13481763
2025-03-13 07:00:00,-0.08281123
2025-03-13 08:00:00,-0.027923195
2025-03-13 09:00:00,0.021728655
2025-03-13 10:00:00,0.05022198
2025-03-13 11:00:00,0.03907483
2025-03-13 12:00:00,0.000554189
2025-03-13 13:00:00,-0.036226973
2025-03-13 14:00:00,-0.07447613
2025-03-13 15:00:00,-0.11578717
2025-03-13 16:00:00,-0.15538685
2025-03-13 17:00:00,-0.17324714
2025-03-13 18:00:00,-0.13345659
2025-03-13 19:00:00,-0.07285911
2025-03-13 20:00:00,0.025318861
2025-03-13 21:00:00,0.10995212
2025-03-13 22:00:00,0.14043927
2025-03-13 23:00:00,0.13920859
2025-03-14 00:00:00,0.10785857
2025-03-14 01:00:00,0.063316934
2025-03-14 02:00:00,0.021255279
2025-03-14 03:00:00,-0.023898652
2025-03-14 04:00:00,-0.070928454
2025-03-14 05:00:00,-0.1078333
2025-03-14 06:00:00,-0.10095014
2025-03-14 07:00:00,-0.047780562
2025-03-14 08:00:00,0.016086856
2025-03-14 09:00:00,0.102238655
2025-03-14 10:00:00,0.13827232
2025-03-14 11:00:00,0.14644085
2025-03-14 12:00:00,0.1230816
2025-03-14 13:00:00,0.0833962
2025-03-14 14:00:00,0.0402329
2025-03-14 15:00:00,-0.004867253
2025-03-14 16:00:00,-0.052106045
2025-03-14 17:00:00,-0.09122115
2025-03-14 18:00:00,-0.08705432
2025-03-14 19:00:00,-0.033359945
2025-03-14 20:00:00,0.045405786
2025-03-14 21:00:00,0.14730191
2025-03-14 22:00:00,0.2011976
2025-03-14 23:00:00,0.20180398
2025-03-15 00:00:00,0.1789428
2025-03-15 01:00:00,0.13480066
2025-03-15 02:00:00,0.0889461
2025-03-15 03:00:00,0.043560617
2025-03-15 04:00:00,-0.0059429617
2025-03-15 05:00:00,-0.052864574
2025-03-15 06:00:00,-0.07615918
2025-03-15 07:00:00,-0.0403651
2025-03-15 08:00:00,0.020255229
2025-03-15 09:00:00,0.11180254
2025-03-15 10:00:00,0.18458195
2025-03-15 11:00:00,0.1935726
2025-03-15 12:00:00,0.18266182
2025-03-15 13:00:00,0.1456697
2025-03-15 14:00:00,0.098684825
2025-03-15 15:00:00,0.052748818
2025-03-15 16:00:00,0.0043963892
2025-03-15 17:00:00,-0.04199791
2025-03-15 18:00:00,-0.065714404
2025-03-15 19:00:00,-0.031532187
2025-03-15 20:00:00,0.028632663
2025-03-15 21:00:00,0.12637584
2025-03-15 22:00:00,0.20378654
2025-03-15 23:00:00,0.21960315
2025-03-16 00:00:00,0.20349751
2025-03-16 01:00:00,0.16415098
2025-03-16 02:00:00,0.11850188
2025-03-16 03:00:00,0.07288231
2025-03-16 04:00:00,0.02473135
2025-03-16 05:00:00,-0.025829492
2025-03-16 06:00:00,-0.06292594
2025-03-16 07:00:00,-0.04636174
2025-03-16 08:00:00,0.012903337
2025-03-16 09:00:00,0.09817125
2025-03-16 10:00:00,0.18941414
2025-03-16 11:00:00,0.21859328
2025-03-16 12:00:00,0.21377848
2025-03-16 13:00:00,0.1828885
2025-03-16 14:00:00,0.13838181
2025-03-16 15:00:00,0.09183563
2025-03-16 16:00:00,0.045229543
2025-03-16 17:00:00,-0.003970324
2025-03-16 18:00:00,-0.042424943
2025-03-16 19:00:00,-0.035593048
2025-03-16 20:00:00,0.017968526
2025-03-16 21:00:00,0.09142129
2025-03-16 22:00:00,0.18750241
2025-03-16 23:00:00,0.22454365
2025-03-17 00:00:00,0.21611652
2025-03-17 01:00:00,0.18448351
2025-03-17 02:00:00,0.13929692
2025-03-17 03:00:00,0.09407867
2025-03-17 04:00:00,0.048611414
2025-03-17 05:00:00,-0.0012922068
2025-03-17 06:00:00,-0.04612035
2025-03-17 07:00:00,-0.059324656
2025-03-17 08:00:00,-0.015936537
2025-03-17 09:00:00,0.047768082
2025-03-17 10:00:00,0.1483281
2025-03-17 11:00:00,0.21787612
2025-03-17 12:00:00,0.22541833
2025-03-17 13:00:00,0.20878331
2025-03-17 14:00:00,0.16774893
2025-03-17 15:00:00,0.11957438
2025-03-17 16:00:00,0.07452849
2025-03-17 17:00:00,0.029953256
2025-03-17 18:00:00,-0.015199329
